id,question_text_nl,question_text_en,placeholder_nl,placeholder_en,help_text_nl,help_text_en
q-afbraakwerken-101-1,Om wat voor gebouw gaat het?,Om wat voor gebouw gaat het?,,,,
q-afbraakwerken-101-2,Hoe groot is het gebouw ongeveer?,How large is het gebouw approximately?,,,,
q-afbraakwerken-101-3,Moet het puin ook afgevoerd worden?,Should the puin ook removed worden?,,,,
q-afbraakwerken-102-1,Wat wil je laten afbreken?,What do you want have afbreken?,,,,
q-afbraakwerken-102-2,Moet de afbraak machinaal of handmatig gebeuren?,Should the afbraak machinaal of handmatig gebeuren?,,,,
q-afbraakwerken-103-1,Wat moet er verwijderd worden?,Wat moet er verwijderd worden?,,,,
q-afbraakwerken-103-2,Hoe groot is de ruimte?,How large is de ruimte?,,,,
q-afbraakwerken-104-1,Wat wil je slopen?,What do you want slopen?,,,,
q-afbraakwerken-104-2,Moet het puin ook afgevoerd worden?,Should the puin ook removed worden?,,,,
q-afbraakwerken-root,Wat voor type afbraakwerk zoek je?,What type of afbraakwerk are you looking for?,,,,
q-airco-201-1,Wat voor type airco wil je laten plaatsen?,What type of air conditioning do you want to install?,,,,
q-airco-201-2,Voor welk type ruimte/woning/gebouw?,For what type of space/home/building?,,,,
q-airco-201-3,Om hoeveel ruimtes gaat het?,How many rooms does it concern?,,,,
q-airco-202-1,Wat wil je vervangen?,What do you want to replace?,,,,
q-airco-202-2,Waarom wil je vervangen?,Why do you want to replace?,,,,
q-airco-202-3,Moet de oude installatie verwijderd worden?,Should the old installation be removed?,,,,
q-airco-203-1,Wat is het probleem?,What is the problem?,,,,
q-airco-203-2,Hoe oud is de installatie ongeveer?,How old is the installation approximately?,,,,
q-airco-204-1,Wat wil je laten doen?,What do you want to have done?,,,,
q-airco-204-2,Hoe vaak wil je onderhoud?,How often do you want maintenance?,,,,
q-airco-root,Wat voor type opdracht zoek je?,What type of project are you looking for?,,,,
q-alarmsystemen-301-1,Voor welk type gebouw?,Voor welk type gebouw?,,,,
q-alarmsystemen-301-2,Wat voor type systeem wil je?,What type of systeem wil je?,,,,
q-alarmsystemen-301-3,Moet het systeem ook verbonden zijn met meldkamer?,Should the systeem ook verbonden zijn met meldkamer?,,,,
q-alarmsystemen-302-1,Wat wil je toevoegen?,What do you want toevoegen?,,,,
q-alarmsystemen-302-2,Hoeveel extra componenten gaat het om?,How many extra componenten gaat het om?,,,,
q-alarmsystemen-303-1,Waarom wil je vervangen?,Why do you want to replace?,,,,
q-alarmsystemen-303-2,Wat voor nieuw systeem wil je?,What kind of nieuw systeem wil je?,,,,
q-alarmsystemen-303-3,Moet het oude systeem verwijderd worden?,Should the old systeem verwijderd worden?,,,,
q-alarmsystemen-304-1,Wat is het probleem?,Wat is het probleem?,,,,
q-alarmsystemen-304-2,Hoe oud is het systeem ongeveer?,Hoe oud is het systeem approximately?,,,,
q-alarmsystemen-root,Wat voor type opdracht zoek je?,What type of project are you looking for?,,,,
q-architect-501-1,Heb je al bouwgrond?,Do you have al bouwgrond?,,,,
q-architect-501-2,In welke fase zit je?,In welke fase zit je?,,,,
q-architect-501-3,Wat voor type woning wil je bouwen?,What type of woning wil je bouwen?,,,,
q-architect-502-1,Om wat voor verbouwing gaat het?,Om wat voor verbouwing gaat het?,,,,
q-architect-502-2,Heb je al bestaande plannen/tekeningen?,Do you have al bestaande plannen/tekeningen?,,,,
q-architect-502-3,Moet de architect ook de bouwaanvraag/vergunning regelen?,Should the architect ook de bouwaanvraag/vergunning regelen?,,,,
q-architect-503-1,Wat wil je realiseren?,What do you want realiseren?,,,,
q-architect-503-2,Heb je een vergunning nodig of al aangevraagd?,Do you have een vergunning nodig of al aangevraagd?,,,,
q-architect-503-3,Moet de architect ook het bouwtoezicht doen?,Should the architect ook het bouwtoezicht doen?,,,,
q-architect-504-1,Om welke ruimtes gaat het?,Om welke ruimtes gaat het?,,,,
q-architect-504-2,Wat is je doel?,Wat is je doel?,,,,
q-architect-505-1,Waar heb je hulp bij nodig?,Waar heb je hulp bij nodig?,,,,
q-architect-505-2,In welke fase zit je?,In welke fase zit je?,,,,
q-architect-root,Wat voor opdracht zoek je?,What kind of project are you looking for?,,,,
q-asbest-601-1,Waar moet het onderzoek plaatsvinden?,Where should het onderzoek plaatsvinden?,,,,
q-asbest-601-2,Voor welk doel is het onderzoek nodig?,Voor welk doel is het onderzoek nodig?,,,,
q-asbest-602-1,Waar zit het asbest?,Waar zit het asbest?,,,,
q-asbest-602-2,Hoe groot is het oppervlak ongeveer?,How large is het oppervlak approximately?,,,,
q-asbest-602-3,Moet er een asbestinventarisatie vooraf gebeuren?,Should een asbestinventarisatie vooraf gebeuren?,,,,
q-asbest-603-1,Wat voor type dak gaat het om?,What type of dak gaat het om?,,,,
q-asbest-603-2,Hoe groot is het dakoppervlak ongeveer?,How large is het dakoppervlak approximately?,,,,
q-asbest-603-3,Wil je meteen nieuwe dakbedekking laten plaatsen?,Wil je meteen nieuwe dakbedekking have install?,,,,
q-asbest-root,Wat voor type opdracht zoek je?,What type of project are you looking for?,,,,
q-bestrating-701-1,Waar moet de bestrating komen?,Where should de paving komen?,,,,
q-bestrating-701-2,Welke soort bestrating wil je?,Which soort paving wil je?,,,,
q-bestrating-701-3,Hoe groot is het oppervlak ongeveer?,How large is het oppervlak approximately?,,,,
q-bestrating-702-1,Waarom wil je de bestrating vervangen?,Why do you want to de paving replace?,,,,
q-bestrating-702-2,Moet de oude bestrating ook verwijderd worden?,Should the old paving ook verwijderd worden?,,,,
q-bestrating-702-3,Welke nieuwe bestrating wil je?,Which nieuwe paving wil je?,,,,
q-bestrating-703-1,Wat is het probleem?,Wat is het probleem?,,,,
q-bestrating-703-2,Hoe groot is het oppervlak dat moet worden aangepakt?,How large is het oppervlak dat moet worden aangepakt?,,,,
q-bestrating-root,Wat voor type bestrating zoek je?,What type of paving are you looking for?,,,,
q-betonwerken-801-1,Voor welk project wil je een fundering laten maken?,Voor welk project wil je een fundering have maken?,,,,
q-betonwerken-801-2,Hoe groot is de fundering ongeveer?,How large is de fundering approximately?,,,,
q-betonwerken-801-3,Moet er ook wapening worden geplaatst?,Should ook wapening worden geplaatst?,,,,
q-betonwerken-802-1,Wat voor vloer moet er komen?,What kind of vloer moet er komen?,,,,
q-betonwerken-802-2,Waar moet de vloer geplaatst worden?,Where should de vloer geplaatst worden?,,,,
q-betonwerken-802-3,Hoe groot is het oppervlak?,How large is het oppervlak?,,,,
q-betonwerken-803-1,Wat voor constructie gaat het om?,What kind of constructie gaat het om?,,,,
q-betonwerken-803-2,Hoe groot moet de constructie zijn?,How large moet de constructie zijn?,,,,
q-betonwerken-804-1,Wat is het probleem?,Wat is het probleem?,,,,
q-betonwerken-804-2,Hoe groot is de schade?,How large is de schade?,,,,
q-betonwerken-root,Wat voor type opdracht zoek je?,What type of project are you looking for?,,,,
q-carport-901-1,Wat voor type carport wil je?,What type of carport wil je?,,,,
q-carport-901-2,Van welk materiaal moet de carport zijn?,Van welk materiaal moet de carport zijn?,,,,
q-carport-901-3,Moet de carport een dakbedekking hebben?,Should the carport een dakbedekking hebben?,,,,
q-carport-902-1,Waarom wil je de carport vervangen?,Why do you want to de carport replace?,,,,
q-carport-902-2,Wat voor nieuwe carport wil je?,What kind of nieuwe carport wil je?,,,,
q-carport-902-3,Moet de oude carport verwijderd worden?,Should the old carport verwijderd worden?,,,,
q-carport-903-1,Wat is het probleem?,Wat is het probleem?,,,,
q-carport-903-2,Hoe groot is de schade?,How large is de schade?,,,,
q-carport-root,Wat voor type opdracht zoek je?,What type of project are you looking for?,,,,
q-centrale-verwarming-1001-1,Wat voor type installatie wil je?,What type of installatie wil je?,,,,
q-centrale-verwarming-1001-2,Voor wat voor woning?,Voor wat voor woning?,,,,
q-centrale-verwarming-1001-3,Moet de vakman ook radiatoren of vloerverwarming aansluiten?,Should the vakman ook radiatoren of vloerverwarming aansluiten?,,,,
q-centrale-verwarming-1002-1,Wat wil je vervangen?,What do you want replace?,,,,
q-centrale-verwarming-1002-2,Waarom wil je vervangen?,Why do you want to replace?,,,,
q-centrale-verwarming-1002-3,Moet de oude installatie verwijderd worden?,Should the old installatie verwijderd worden?,,,,
q-centrale-verwarming-1003-1,Wat is het probleem?,Wat is het probleem?,,,,
q-centrale-verwarming-1003-2,Hoe oud is de ketel ongeveer?,Hoe oud is de ketel approximately?,,,,
q-centrale-verwarming-1004-1,Wat voor onderhoud wil je?,What kind of onderhoud wil je?,,,,
q-centrale-verwarming-1004-2,Hoe oud is de installatie?,Hoe oud is de installatie?,,,,
q-centrale-verwarming-root,Wat voor type opdracht zoek je?,What type of project are you looking for?,,,,
q-dakbedekking-1101-1,Wat voor type dak wil je laten plaatsen?,What type of dak wil je have install?,,,,
q-dakbedekking-1101-2,Om wat voor gebouw gaat het?,Om wat voor gebouw gaat het?,,,,
q-dakbedekking-1101-3,Welke dakbedekking wil je?,Which dakbedekking wil je?,,,,
q-dakbedekking-1102-1,Wat moet er vervangen worden?,Wat moet er replace worden?,,,,
q-dakbedekking-1102-2,Om wat voor type dak gaat het?,Om wat voor type dak gaat het?,,,,
q-dakbedekking-1102-3,Moet oude dakbedekking ook verwijderd worden?,Moet old dakbedekking ook verwijderd worden?,,,,
q-dakbedekking-1103-1,Wat voor probleem ervaar je?,What kind of probleem ervaar je?,,,,
q-dakbedekking-1103-2,Hoe groot is de schade?,How large is de schade?,,,,
q-dakbedekking-1104-1,Wat moet er gebeuren?,What needs to be done?,,,,
q-dakbedekking-1104-2,Welke dakbedekking wil je?,Which dakbedekking wil je?,,,,
q-dakbedekking-1105-1,Wat moet er gebeuren?,What needs to be done?,,,,
q-dakbedekking-1105-2,Wat voor soort dakpannen?,What kind of soort dakpannen?,,,,
q-dakbedekking-root,Wat voor type dakwerk zoek je?,What type of dakwerk are you looking for?,,,,
q-dakisolatie-1201-1,Wat moet er gebeuren?,What needs to be done?,,,,
q-dakisolatie-1201-2,Heb je al dakbedekking die behouden moet blijven?,Do you have al dakbedekking die beholdn moet blijven?,,,,
q-dakisolatie-1201-3,Wat is de dakoppervlakte ongeveer?,Wat is de dakoppervlakte approximately?,,,,
q-dakisolatie-1202-1,Wat moet er geïsoleerd worden?,Wat moet er geïsoleerd worden?,,,,
q-dakisolatie-1202-2,Wat is de afwerking na isolatie?,Wat is de afwerking na isolatie?,,,,
q-dakisolatie-1202-3,Hoe groot is het dakoppervlak ongeveer?,How large is het dakoppervlak approximately?,,,,
q-dakisolatie-1203-1,Moet de dakbedekking ook vernieuwd worden?,Should the dakbedekking ook vernieuwd worden?,,,,
q-dakisolatie-1203-2,Wat voor soort dakbedekking wil je terug?,What kind of soort dakbedekking wil je terug?,,,,
q-dakisolatie-1203-3,Hoe groot is het dakoppervlak ongeveer?,How large is het dakoppervlak approximately?,,,,
q-dakisolatie-1204-1,Wil je de zoldervloer afwerken als woonruimte?,Wil je de zoldervloer afwerken als woonruimte?,,,,
q-dakisolatie-1204-2,Wat voor isolatiemateriaal heeft je voorkeur?,What kind of isolatiemateriaal heeft je voorkeur?,,,,
q-dakisolatie-root,Wat voor type dak wil je isoleren?,What type of dak wil je isoleren?,,,,
q-dakramen-1301-1,Wat voor type dakraam wil je laten plaatsen?,What type of dakraam wil je have install?,,,,
q-dakramen-1301-2,Wat is de afmeting ongeveer?,Wat is de afmeting approximately?,,,,
q-dakramen-1301-3,Moet het dakraam ook voorzien worden van zonwering of rolluik?,Should the dakraam ook voorzien worden van zonwering of rolluik?,,,,
q-dakramen-1302-1,Wat voor type raam gaat het om?,What type of raam gaat het om?,,,,
q-dakramen-1302-2,Waarom wil je het raam vervangen?,Why do you want to het raam replace?,,,,
q-dakramen-1302-3,Moet het oude raam ook verwijderd worden?,Should the old raam ook verwijderd worden?,,,,
q-dakramen-1303-1,Wat is het probleem?,Wat is het probleem?,,,,
q-dakramen-1303-2,Hoe oud is het raam ongeveer?,Hoe oud is het raam approximately?,,,,
q-dakramen-root,Wat voor type opdracht zoek je?,What type of project are you looking for?,,,,
q-deuren-1401-1,Om wat voor type deur gaat het?,Om wat voor type deur gaat het?,,,,
q-deuren-1401-2,Van welk materiaal moet de deur zijn?,Van welk materiaal moet de deur zijn?,,,,
q-deuren-1401-3,Moet de deur ook geleverd worden of alleen geplaatst?,Should the deur ook geleverd worden of alleen geplaatst?,,,,
q-deuren-1402-1,Om wat voor type deur gaat het?,Om wat voor type deur gaat het?,,,,
q-deuren-1402-2,Waarom wil je de deur vervangen?,Why do you want to de deur replace?,,,,
q-deuren-1402-3,Moet de oude deur ook verwijderd worden?,Should the old deur ook verwijderd worden?,,,,
q-deuren-1403-1,Wat is het probleem?,Wat is het probleem?,,,,
q-deuren-1403-2,Om wat voor type deur gaat het?,Om wat voor type deur gaat het?,,,,
q-deuren-1404-1,Wat wil je laten doen?,What do you want have doen?,,,,
q-deuren-1404-2,Om hoeveel deuren gaat het?,How many deuren gaat het?,,,,
q-deuren-root,Wat voor type deuroplossing zoek je?,What type of deuroplossing are you looking for?,,,,
q-elektricien-1501-1,Voor welk type gebouw?,Voor welk type gebouw?,,,,
q-elektricien-1501-2,Wat moet er worden aangelegd?,Wat moet er worden aangelegd?,,,,
q-elektricien-1501-3,Heb je al een elektriciteitsplan?,Do you have al een elektriciteitsplan?,,,,
q-elektricien-1502-1,Wat wil je uitbreiden?,What do you want uitbreiden?,,,,
q-elektricien-1502-2,Hoeveel extra punten gaat het om?,How many extra punten gaat het om?,,,,
q-elektricien-1503-1,Wat is het probleem?,Wat is het probleem?,,,,
q-elektricien-1503-2,Hoe dringend is de reparatie?,Hoe dringend is de reparatie?,,,,
q-elektricien-1504-1,Waarvoor is de keuring nodig?,Waarvoor is de keuring nodig?,,,,
q-elektricien-1504-2,Moet er ook direct hersteld worden bij afkeur?,Should ook direct hersteld worden bij afkeur?,,,,
q-elektricien-root,Wat voor type opdracht zoek je?,What type of project are you looking for?,,,,
q-garagepoorten-1601-1,Wat voor type garagepoort wil je?,What type of garagepoort wil je?,,,,
q-garagepoorten-1601-2,Met of zonder elektrische bediening?,Met of zonder elektrische bediening?,,,,
q-garagepoorten-1601-3,Hoe breed is de garageopening ongeveer?,Hoe breed is de garageopening approximately?,,,,
q-garagepoorten-1602-1,Waarom wil je de garagepoort vervangen?,Why do you want to de garagepoort replace?,,,,
q-garagepoorten-1602-2,Welk type poort wil je terugplaatsen?,Welk type poort wil je teruginstall?,,,,
q-garagepoorten-1602-3,Moet de oude poort verwijderd worden?,Should the old poort verwijderd worden?,,,,
q-garagepoorten-1603-1,Wat is het probleem?,Wat is het probleem?,,,,
q-garagepoorten-1603-2,Hoe oud is de garagepoort ongeveer?,Hoe oud is de garagepoort approximately?,,,,
q-garagepoorten-root,Wat voor type opdracht zoek je?,What type of project are you looking for?,,,,
q-general-contact-company,Bedrijfsnaam,Company name,Bedrijfsnaam..,Company name..,,
q-general-contact-email,E-mailadres,Email address,E-mailadres..,Email address..,,
q-general-contact-email-business,E-mailadres,Email address,E-mailadres..,Email address..,,
q-general-contact-firstname,Voornaam,First name,Voornaam..,First name..,,
q-general-contact-firstname-business,Voornaam,First name,Voornaam..,First name..,,
q-general-contact-lastname,Achternaam,Last name,Achternaam..,Last name..,,
q-general-contact-lastname-business,Achternaam,Last name,Achternaam..,Last name..,,
q-general-contact-phone,Telefoonnummer,Phone number,Telefoonnummer..,Phone number..,,
q-general-contact-phone-business,Telefoonnummer,Phone number,Telefoonnummer..,Phone number..,,
q-general-description,Projectomschrijving,Project description,Geef een korte omschrijving van je project en ontvang nauwkeurigere offertes.,Briefly describe your project and receive more accurate quotes.,Geef een korte omschrijving van je project en ontvang nauwkeurigere offertes.,Briefly describe your project and receive more accurate quotes.
q-general-execution-date,Uitvoeringsdatum,Execution date,,,,
q-general-location-city,Woonplaats / Stad,City,Woonplaats / Stad..,City..,,
q-general-location-number,Nummer / Huisnummer,Number / House number,Nummer / Huisnummer..,Number / house number..,,
q-general-location-postcode,Postcode,Postcode,Postcode..,Postcode..,,
q-general-location-street,Straatnaam,Street name,Straatnaam..,Street name..,,
q-general-photos,Wil je foto's toevoegen?,Do you want to add photos?,,,,
q-general-request-type,Soort aanvraag,Type of request,,,,
q-gevelwerken-1701-1,Wat voor soort gevel heb je?,What kind of soort gevel heb je?,,,,
q-gevelwerken-1701-2,Hoe wil je de gevel laten reinigen?,Hoe wil je de gevel have reinigen?,,,,
q-gevelwerken-1701-3,Hoe groot is de gevel ongeveer?,How large is de gevel approximately?,,,,
q-gevelwerken-1702-1,Wat moet er hersteld worden?,Wat moet er hersteld worden?,,,,
q-gevelwerken-1702-2,Hoe groot is de schade?,How large is de schade?,,,,
q-gevelwerken-1703-1,Met welk materiaal wil je de gevel bekleden?,Met welk materiaal wil je de gevel bekleden?,,,,
q-gevelwerken-1703-2,Moet de gevel ook geïsoleerd worden?,Should the gevel ook geïsoleerd worden?,,,,
q-gevelwerken-1703-3,Hoe groot is de gevel?,How large is de gevel?,,,,
q-gevelwerken-1704-1,Wat moet er gebeuren?,What needs to be done?,,,,
q-gevelwerken-1704-2,Hoe groot is het oppervlak?,How large is het oppervlak?,,,,
q-gevelwerken-root,Wat voor type gevelwerk zoek je?,What type of gevelwerk are you looking for?,,,,
q-glassetter-1801-1,Waar moet het glas geplaatst worden?,Where should the glass be installed?,,,,
q-glassetter-1801-2,Wat voor type glas wil je?,What type of glass do you want?,,,,
q-glassetter-1801-3,Hoeveel ruiten gaat het om?,How many panes does it concern?,,,,
q-glassetter-1802-1,Waarom wil je het glas vervangen?,Why do you want to replace the glass?,,,,
q-glassetter-1802-2,Welk type glas wil je laten plaatsen?,What type of glass do you want to install?,,,,
q-glassetter-1802-3,Moet het oude glas ook verwijderd worden?,Should the old glass also be removed?,,,,
q-glassetter-1803-1,Wat is het probleem?,What is the problem?,,,,
q-glassetter-1803-2,Hoeveel ruiten gaat het om?,How many panes does it concern?,,,,
q-glassetter-root,Wat voor type glasopdracht zoek je?,What type of glass project are you looking for?,,,,
q-grondwerken-1901-1,Wat moet er uitgegraven of opgehoogd worden?,Wat moet er uitgegraven of opgehoogd worden?,,,,
q-grondwerken-1901-2,Hoe groot is het oppervlak?,How large is het oppervlak?,,,,
q-grondwerken-1901-3,Moet de grond ook afgevoerd worden?,Should the grond ook removed worden?,,,,
q-grondwerken-1902-1,Voor welk project?,Voor welk project?,,,,
q-grondwerken-1902-2,Hoe groot is de fundering?,How large is de fundering?,,,,
q-grondwerken-1902-3,Moet er ook bekisting/beton gestort worden?,Should ook bekisting/beton gestort worden?,,,,
q-grondwerken-1903-1,Voor welke leidingen?,Voor welke leidingen?,,,,
q-grondwerken-1903-2,Hoe lang moet er gegraven worden?,How long moet er gegraven worden?,,,,
q-grondwerken-1903-3,Moet de sleuf weer dichtgemaakt worden?,Should the sleuf weer dichtgemaakt worden?,,,,
q-grondwerken-1904-1,Waar moet het terrein geëgaliseerd worden?,Where should het terrein geëgaliseerd worden?,,,,
q-grondwerken-1904-2,Hoe groot is het terrein?,How large is het terrein?,,,,
q-grondwerken-root,Wat voor type opdracht zoek je?,What type of project are you looking for?,,,,
q-gyproc-plafonds-2001-1,Waar wil je nieuwe wanden plaatsen?,Waar wil je nieuwe wanden install?,,,,
q-gyproc-plafonds-2001-2,Moeten de wanden geluids- of warmte-isolerend zijn?,Moeten de wanden geluids- of warmte-isolerend zijn?,,,,
q-gyproc-plafonds-2001-3,Hoe groot is de wand (in m²) ongeveer?,How large is de wand (in m²) approximately?,,,,
q-gyproc-plafonds-2002-1,Waar moet het plafond komen?,Where should het plafond komen?,,,,
q-gyproc-plafonds-2002-2,Wat voor type plafond wil je?,What type of plafond wil je?,,,,
q-gyproc-plafonds-2002-3,Moet er ook verlichting geïntegreerd worden?,Should ook verlichting geïntegreerd worden?,,,,
q-gyproc-plafonds-2003-1,Wat voor afwerking wil je?,What kind of afwerking wil je?,,,,
q-gyproc-plafonds-2003-2,Hoe groot is de oppervlakte ongeveer?,How large is de oppervlakte approximately?,,,,
q-gyproc-plafonds-2004-1,Wat is het probleem?,Wat is het probleem?,,,,
q-gyproc-plafonds-2004-2,Hoe groot is de schade?,How large is de schade?,,,,
q-gyproc-plafonds-root,Wat voor type opdracht zoek je?,What type of project are you looking for?,,,,
q-haard-2101-1,Wat voor type haard wil je?,What type of haard wil je?,,,,
q-haard-2101-2,Waar moet de haard komen?,Where should de haard komen?,,,,
q-haard-2101-3,Moet er ook een rookkanaal aangelegd worden?,Should ook een rookkanaal aangelegd worden?,,,,
q-haard-2102-1,Wat wil je vervangen?,What do you want replace?,,,,
q-haard-2102-2,Waarom wil je vervangen?,Why do you want to replace?,,,,
q-haard-2102-3,Moet de oude haard verwijderd worden?,Should the old haard verwijderd worden?,,,,
q-haard-2103-1,Wat is het probleem?,Wat is het probleem?,,,,
q-haard-2103-2,Hoe oud is de haard ongeveer?,Hoe oud is de haard approximately?,,,,
q-haard-2104-1,Wat wil je laten doen?,What do you want have doen?,,,,
q-haard-2104-2,Om wat voor haard gaat het?,Om wat voor haard gaat het?,,,,
q-haard-root,Wat voor type opdracht zoek je?,What type of project are you looking for?,,,,
q-hekwerken-2201-1,Wat voor type hekwerk wil je?,What type of hekwerk wil je?,,,,
q-hekwerken-2201-2,Hoe hoog moet het hekwerk zijn?,How high moet het hekwerk zijn?,,,,
q-hekwerken-2201-3,Hoe lang moet het hekwerk zijn?,How long moet het hekwerk zijn?,,,,
q-hekwerken-2202-1,Wat voor type hekwerk wil je vervangen?,What type of hekwerk wil je replace?,,,,
q-hekwerken-2202-2,Waarom wil je vervangen?,Why do you want to replace?,,,,
q-hekwerken-2202-3,Moet het oude hekwerk verwijderd worden?,Should the old hekwerk verwijderd worden?,,,,
q-hekwerken-2203-1,Wat is het probleem?,Wat is het probleem?,,,,
q-hekwerken-2203-2,Hoe groot is de schade?,How large is de schade?,,,,
q-hekwerken-root,Wat voor type opdracht zoek je?,What type of project are you looking for?,,,,
q-interieur-2301-1,Om welke ruimtes gaat het?,Om welke ruimtes gaat het?,,,,
q-interieur-2301-2,Wat is je belangrijkste doel?,Wat is je belangrijkste doel?,,,,
q-interieur-2302-1,Voor welk type woning?,Voor welk type woning?,,,,
q-interieur-2302-2,Wil je ook begeleiding tijdens de uitvoering?,Wil je ook begeleiding tijdens de uitvoering?,,,,
q-interieur-2302-3,Heb je een voorkeur voor stijl?,Do you have een voorkeur voor stijl?,,,,
q-interieur-2303-1,Om wat voor meubel gaat het?,Om wat voor meubel gaat het?,,,,
q-interieur-2303-2,Waar moet het meubel komen?,Where should het meubel komen?,,,,
q-interieur-2304-1,Voor welke ruimte wil je advies?,Voor welke ruimte wil je advies?,,,,
q-interieur-2304-2,Wat is je doel?,Wat is je doel?,,,,
q-interieur-2305-1,Voor welke ruimte(s) heb je een lichtplan nodig?,Voor welke ruimte(s) heb je een lichtplan nodig?,,,,
q-interieur-2305-2,Wil je ook installatie laten uitvoeren?,Wil je ook installatie have uitvoeren?,,,,
q-interieur-root,Wat voor type interieur-opdracht zoek je?,What type of interieur-project are you looking for?,,,,
q-isolatie-2401-1,Wat voor woning heb je?,What kind of woning heb je?,,,,
q-isolatie-2401-2,Weet je of de spouwmuur al geïsoleerd is?,Weet je of de spouwmuur al geïsoleerd is?,,,,
q-isolatie-2401-3,Wat is de oppervlakte ongeveer?,Wat is de oppervlakte approximately?,,,,
q-isolatie-2402-1,Wat voor type dak wil je isoleren?,What type of dak wil je isoleren?,,,,
q-isolatie-2402-2,Hoe groot is het oppervlak ongeveer?,How large is het oppervlak approximately?,,,,
q-isolatie-2403-1,Waar wil je isoleren?,Waar wil je isoleren?,,,,
q-isolatie-2403-2,Wat is de vloeroppervlakte ongeveer?,Wat is de vloeroppervlakte approximately?,,,,
q-isolatie-2403-3,Moet er ook vloerverwarming meegenomen worden?,Should ook vloerverwarming meegenomen worden?,,,,
q-isolatie-2404-1,Wat voor afwerking wil je op de gevel?,What kind of afwerking wil je op de gevel?,,,,
q-isolatie-2404-2,Moet de gevel ook gereinigd/hersteld worden vooraf?,Should the gevel ook gereinigd/hersteld worden vooraf?,,,,
q-isolatie-2405-1,Wil je de zoldervloer ook als woonruimte gebruiken?,Wil je de zoldervloer ook als woonruimte gebruiken?,,,,
q-isolatie-2405-2,Welk isolatiemateriaal heeft je voorkeur?,Welk isolatiemateriaal heeft je voorkeur?,,,,
q-isolatie-root,Wat voor type isolatie zoek je?,What type of isolatie are you looking for?,,,,
q-it-apparatuur-401-1,Wat voor apparatuur wil je installeren?,What equipment do you want to install?,,,,
q-it-apparatuur-401-2,Voor hoeveel werkplekken?,For how many workstations?,,,,
q-it-apparatuur-401-3,Moet ook software/configuratie worden uitgevoerd?,Should software/configuration also be performed?,,,,
q-it-apparatuur-402-1,Welke apparatuur wil je vervangen?,Which equipment do you want to replace?,,,,
q-it-apparatuur-402-2,Waarom wil je vervangen?,Why do you want to replace?,,,,
q-it-apparatuur-402-3,Moet oude apparatuur afgevoerd worden?,Should old equipment be removed?,,,,
q-it-apparatuur-403-1,Om wat voor apparaat gaat het?,What kind of device is it?,,,,
q-it-apparatuur-403-2,Wat is het probleem?,What is the problem?,,,,
q-it-apparatuur-404-1,Voor welke apparaten zoek je onderhoud?,For which devices are you looking for maintenance?,,,,
q-it-apparatuur-404-2,Hoe vaak wil je onderhoud?,How often do you want maintenance?,,,,
q-it-apparatuur-root,Wat voor type opdracht zoek je?,What type of project are you looking for?,,,,
q-kantoorapparatuur-6001-1,Wat voor type apparatuur wil je laten plaatsen?,What type of equipment do you want to install?,,,,
q-kantoorapparatuur-6001-2,Voor welk type organisatie/gebouw?,For what type of organization/building?,,,,
q-kantoorapparatuur-6001-3,Om hoeveel apparaten gaat het?,How many devices does it concern?,,,,
q-kantoorapparatuur-6002-1,Wat wil je vervangen?,What do you want to replace?,,,,
q-kantoorapparatuur-6002-2,Waarom wil je vervangen?,Why do you want to replace?,,,,
q-kantoorapparatuur-6002-3,Moet de oude apparatuur verwijderd worden?,Should the old equipment be removed?,,,,
q-kantoorapparatuur-6003-1,Wat is het probleem?,What is the problem?,,,,
q-kantoorapparatuur-6003-2,Hoe oud is de apparatuur ongeveer?,How old is the equipment approximately?,,,,
q-kantoorapparatuur-6004-1,Wat wil je laten doen?,What do you want to have done?,,,,
q-kantoorapparatuur-6004-2,Hoe vaak wil je onderhoud?,How often do you want maintenance?,,,,
q-kantoorapparatuur-root,Wat voor type opdracht zoek je?,What type of project are you looking for?,,,,
q-keuken-2501-1,Wat voor type keuken wil je?,What type of keuken wil je?,,,,
q-keuken-2501-2,Heb je de keuken al gekocht?,Do you have de keuken al gekocht?,,,,
q-keuken-2501-3,Moet de vakman ook oude keuken verwijderen?,Should the vakman ook old keuken remove?,,,,
q-keuken-2502-1,Wat wil je laten renoveren?,What do you want have renoveren?,,,,
q-keuken-2502-2,Moet er ook leidingwerk worden aangepast?,Should ook leidingwerk worden aangepast?,,,,
q-keuken-2503-1,Welk materiaal wil je?,Welk materiaal wil je?,,,,
q-keuken-2503-2,Moet het oude blad verwijderd worden?,Should the old blad verwijderd worden?,,,,
q-keuken-2504-1,Om hoeveel kastdeuren gaat het?,How many kastdeuren gaat het?,,,,
q-keuken-2504-2,Welke afwerking wil je?,Which afwerking wil je?,,,,
q-keuken-2505-1,Om welke apparatuur gaat het?,Om welke apparatuur gaat het?,,,,
q-keuken-2505-2,Moet oude apparatuur worden verwijderd?,Moet old apparatuur worden verwijderd?,,,,
q-keuken-root,Wat voor keuken-opdracht zoek je?,What kind of keuken-project are you looking for?,,,,
q-laadpaal-2601-1,Waar wil je de laadpaal plaatsen?,Waar wil je de laadpaal install?,,,,
q-laadpaal-2601-2,Wat voor type laadpaal wil je?,What type of laadpaal wil je?,,,,
q-laadpaal-2601-3,Moet de laadpaal met backoffice/app verbonden zijn?,Should the laadpaal met backoffice/app verbonden zijn?,,,,
q-laadpaal-2602-1,Waarom wil je de laadpaal vervangen?,Why do you want to de laadpaal replace?,,,,
q-laadpaal-2602-2,Wat voor nieuwe laadpaal wil je?,What kind of nieuwe laadpaal wil je?,,,,
q-laadpaal-2602-3,Moet de oude laadpaal verwijderd worden?,Should the old laadpaal verwijderd worden?,,,,
q-laadpaal-2603-1,Wat is het probleem?,Wat is het probleem?,,,,
q-laadpaal-2603-2,Hoe oud is de laadpaal ongeveer?,Hoe oud is de laadpaal approximately?,,,,
q-laadpaal-root,Wat voor type opdracht zoek je?,What type of project are you looking for?,,,,
q-loodgieter-2701-1,Wat moet er geïnstalleerd worden?,Wat moet er geïnstalleerd worden?,,,,
q-loodgieter-2701-2,Voor welk type gebouw?,Voor welk type gebouw?,,,,
q-loodgieter-2701-3,Moet de loodgieter ook materiaal leveren?,Should the loodgieter ook materiaal leveren?,,,,
q-loodgieter-2702-1,Wat is het probleem?,Wat is het probleem?,,,,
q-loodgieter-2702-2,Waar bevindt het probleem zich?,Waar bevindt het probleem zich?,,,,
q-loodgieter-2702-3,Hoe dringend is de reparatie?,Hoe dringend is de reparatie?,,,,
q-loodgieter-2703-1,Wat wil je laten onderhouden?,What do you want have maintain?,,,,
q-loodgieter-2703-2,Hoe vaak wil je onderhoud?,How often wil je onderhoud?,,,,
q-loodgieter-2704-1,Wat is verstopt?,Wat is verstopt?,,,,
q-loodgieter-2704-2,Hoe ernstig is de verstopping?,Hoe ernstig is de verstopping?,,,,
q-loodgieter-2704-3,Hoe dringend is het?,Hoe dringend is het?,,,,
q-loodgieter-root,Wat voor type loodgieterswerk zoek je?,What type of loodgieterswerk are you looking for?,,,,
q-maatwerk-2801-1,Om wat voor kast gaat het?,Om wat voor kast gaat het?,,,,
q-maatwerk-2801-2,Waar moet de kast geplaatst worden?,Where should de kast geplaatst worden?,,,,
q-maatwerk-2801-3,Welke afwerking wil je?,Which afwerking wil je?,,,,
q-maatwerk-2802-1,Wat voor type keuken wil je?,What type of keuken wil je?,,,,
q-maatwerk-2802-2,Heb je al een ontwerp of plan?,Do you have al een ontwerp of plan?,,,,
q-maatwerk-2802-3,Moet de schrijnwerker ook toestellen leveren?,Should the schrijnwerker ook toestellen leveren?,,,,
q-maatwerk-2803-1,Om wat voor meubel gaat het?,Om wat voor meubel gaat het?,,,,
q-maatwerk-2803-2,Waar komt het meubel te staan?,Waar komt het meubel te staan?,,,,
q-maatwerk-2804-1,Om wat voor project gaat het?,Om wat voor project gaat het?,,,,
q-maatwerk-2804-2,Heb je al een ontwerp of idee?,Do you have al een ontwerp of idee?,,,,
q-maatwerk-root,Wat voor maatwerk zoek je?,What kind of maatwerk are you looking for?,,,,
q-metselaar-2901-1,Om welk type project gaat het?,Om welk type project gaat het?,,,,
q-metselaar-2901-2,Hoe groot is het project?,How large is het project?,,,,
q-metselaar-2901-3,Moet de metselaar ook de materialen leveren?,Should the metselaar ook de materialen leveren?,,,,
q-metselaar-2902-1,Wat moet er hersteld worden?,Wat moet er hersteld worden?,,,,
q-metselaar-2902-2,Waar gaat het om?,Waar gaat het om?,,,,
q-metselaar-2902-3,Hoe groot is de schade?,How large is de schade?,,,,
q-metselaar-2903-1,Wat wil je laten doen?,What do you want have doen?,,,,
q-metselaar-2903-2,Hoe groot is het oppervlak?,How large is het oppervlak?,,,,
q-metselaar-2903-3,Moet de muur vooraf ook gereinigd worden?,Should the muur vooraf ook gereinigd worden?,,,,
q-metselaar-2904-1,Wat wil je laten bouwen?,What do you want have bouwen?,,,,
q-metselaar-2904-2,Hoe hoog moet de muur ongeveer zijn?,How high moet de muur approximately zijn?,,,,
q-metselaar-2904-3,Wil je ook een afwerking bovenop de muur?,Wil je ook een afwerking bovenop de muur?,,,,
q-metselaar-root,Wat voor type metselopdracht zoek je?,What type of metselproject are you looking for?,,,,
q-muurisolatie-3001-1,Wat voor woning heb je?,What kind of woning heb je?,,,,
q-muurisolatie-3001-2,Weet je of de spouwmuur al geïsoleerd is?,Weet je of de spouwmuur al geïsoleerd is?,,,,
q-muurisolatie-3001-3,Wat is de oppervlakte ongeveer?,Wat is de oppervlakte approximately?,,,,
q-muurisolatie-3002-1,Voor welke ruimte(s)?,Voor welke ruimte(s)?,,,,
q-muurisolatie-3002-2,Welke afwerking wil je na isolatie?,Which afwerking wil je na isolatie?,,,,
q-muurisolatie-3002-3,Hoe groot is het oppervlak?,How large is het oppervlak?,,,,
q-muurisolatie-3003-1,Wat voor afwerking wil je op de gevel?,What kind of afwerking wil je op de gevel?,,,,
q-muurisolatie-3003-2,Moet de gevel ook gereinigd/hersteld worden vooraf?,Should the gevel ook gereinigd/hersteld worden vooraf?,,,,
q-muurisolatie-3003-3,Hoe groot is de gevel ongeveer?,How large is de gevel approximately?,,,,
q-muurisolatie-root,Wat voor type muur wil je isoleren?,What type of muur wil je isoleren?,,,,
q-nieuwbouw-3101-1,Wat voor type woning wil je bouwen?,What type of woning wil je bouwen?,,,,
q-nieuwbouw-3101-2,Heb je al een ontwerp of bouwplan?,Do you have al een ontwerp of bouwplan?,,,,
q-nieuwbouw-3101-3,Heb je al een bouwgrond?,Do you have al een bouwgrond?,,,,
q-nieuwbouw-3102-1,Gaat het om 1 appartement of een gebouw met meerdere units?,Gaat het om 1 appartement of een gebouw met meerdere units?,,,,
q-nieuwbouw-3102-2,Is er al een architect ingeschakeld?,Is er al een architect ingeschakeld?,,,,
q-nieuwbouw-3102-3,Moet de aannemer ook de ruwbouw én afwerking doen?,Should the aannemer ook de ruwbouw én afwerking doen?,,,,
q-nieuwbouw-3103-1,Wat wil je laten bouwen?,What do you want have bouwen?,,,,
q-nieuwbouw-3103-2,Van welk materiaal?,Van welk materiaal?,,,,
q-nieuwbouw-3103-3,Hoe groot moet het gebouw zijn?,How large moet het gebouw zijn?,,,,
q-nieuwbouw-3104-1,Wat voor type bedrijfspand?,What type of bedrijfspand?,,,,
q-nieuwbouw-3104-2,Hoe groot moet het pand zijn?,How large moet het pand zijn?,,,,
q-nieuwbouw-3104-3,Heb je al een ontwerp?,Do you have al een ontwerp?,,,,
q-nieuwbouw-root,Wat voor type nieuwbouw zoek je?,What type of nieuwbouw are you looking for?,,,,
q-omheining-3201-1,Welk type omheining wil je?,What type of enclosure do you want?,,,,
q-omheining-3201-2,Hoe hoog moet de omheining zijn?,How high should the enclosure be?,,,,
q-omheining-3201-3,Hoe lang moet de omheining ongeveer zijn?,How long should the enclosure be approximately?,,,,
q-omheining-3202-1,Welk type omheining wil je vervangen?,What type of enclosure do you want to replace?,,,,
q-omheining-3202-2,Waarom wil je de omheining vervangen?,Why do you want to replace the enclosure?,,,,
q-omheining-3202-3,Moet de oude omheining verwijderd worden?,Should the old enclosure be removed?,,,,
q-omheining-3203-1,Wat is het probleem?,What is the problem?,,,,
q-omheining-3203-2,Hoe groot is de schade?,How large is the damage?,,,,
q-omheining-root,Wat voor type opdracht zoek je?,What type of project are you looking for?,,,,
q-ongediertebestrijding-3301-1,Waar zit het probleem?,Waar zit het probleem?,,,,
q-ongediertebestrijding-3301-2,Hoe ernstig is de plaag?,Hoe ernstig is de plaag?,,,,
q-ongediertebestrijding-3302-1,Waar zit het nest?,Waar zit het nest?,,,,
q-ongediertebestrijding-3302-2,Hoe groot is het nest?,How large is het nest?,,,,
q-ongediertebestrijding-3303-1,Waar heb je last van kakkerlakken?,Waar heb je last van kakkerlakken?,,,,
q-ongediertebestrijding-3303-2,Hoe ernstig is het probleem?,Hoe ernstig is het probleem?,,,,
q-ongediertebestrijding-3304-1,Waar zijn ze aanwezig?,Waar zijn ze aanwezig?,,,,
q-ongediertebestrijding-3304-2,Hoe lang ervaar je al overlast?,How long ervaar je al overlast?,,,,
q-ongediertebestrijding-3305-1,Waar heb je last van?,Waar heb je last van?,,,,
q-ongediertebestrijding-3305-2,Hoe groot is de plaag?,How large is de plaag?,,,,
q-ongediertebestrijding-3306-1,Om welk soort ongedierte gaat het?,Om welk soort ongedierte gaat het?,,,,
q-ongediertebestrijding-3306-2,Waar is het probleem?,Waar is het probleem?,,,,
q-ongediertebestrijding-root,Met welk soort ongedierte heb je last?,Met welk soort ongedierte heb je last?,,,,
q-ramen-3401-1,Voor welk type gebouw?,Voor welk type gebouw?,,,,
q-ramen-3401-2,In welk materiaal wil je de kozijnen?,In welk materiaal wil je de kozijnen?,,,,
q-ramen-3401-3,Hoeveel ramen moeten geplaatst worden?,How many ramen moeten geplaatst worden?,,,,
q-ramen-3402-1,Waarom wil je de ramen vervangen?,Why do you want to de ramen replace?,,,,
q-ramen-3402-2,Welk glas wil je?,Welk glas wil je?,,,,
q-ramen-3402-3,Moet de oude ramen ook verwijderd worden?,Should the old ramen ook verwijderd worden?,,,,
q-ramen-3403-1,Wat is het probleem?,Wat is het probleem?,,,,
q-ramen-3403-2,Hoeveel ramen gaat het om?,How many ramen gaat het om?,,,,
q-ramen-3404-1,Wat wil je laten renoveren?,What do you want have renoveren?,,,,
q-ramen-3404-2,Om hoeveel ramen gaat het?,How many ramen gaat het?,,,,
q-ramen-root,Wat voor type raamopdracht zoek je?,What type of raamproject are you looking for?,,,,
q-renovatie-3501-1,Wat moet er allemaal gerenoveerd worden?,Wat moet er allemaal gerenoveerd worden?,,,,
q-renovatie-3501-2,Gaat het om een woning of appartement?,Gaat het om een woning of appartement?,,,,
q-renovatie-3501-3,Heb je al plannen of ontwerptekeningen?,Do you have al plannen of ontwerptekeningen?,,,,
q-renovatie-3502-1,Wat wil je vernieuwen?,What do you want renovate?,,,,
q-renovatie-3502-2,Hoe groot is de badkamer?,How large is de badkamer?,,,,
q-renovatie-3502-3,Moet de oude badkamer verwijderd worden?,Should the old badkamer verwijderd worden?,,,,
q-renovatie-3503-1,Wat wil je vernieuwen?,What do you want renovate?,,,,
q-renovatie-3503-2,Moet leidingwerk ook aangepast worden?,Moet leidingwerk ook aangepast worden?,,,,
q-renovatie-3504-1,Wat moet er gebeuren?,What needs to be done?,,,,
q-renovatie-3504-2,Hoe groot is de gevel ongeveer?,How large is de gevel approximately?,,,,
q-renovatie-3505-1,Om welk type renovatie gaat het?,Om welk type renovatie gaat het?,,,,
q-renovatie-3505-2,Hoe groot is het project ongeveer?,How large is het project approximately?,,,,
q-renovatie-root,Wat voor type renovatie zoek je?,What type of renovatie are you looking for?,,,,
q-schilderwerk-3601-1,Welke ruimtes wil je laten schilderen?,Which ruimtes wil je have schilderen?,,,,
q-schilderwerk-3601-2,Wat wil je laten schilderen?,What do you want have schilderen?,,,,
q-schilderwerk-3601-3,Hoe groot is de ruimte?,How large is de ruimte?,,,,
q-schilderwerk-3602-1,Wat moet er geschilderd worden?,Wat moet er geschilderd worden?,,,,
q-schilderwerk-3602-2,Hoe hoog is het gebouw?,How high is het gebouw?,,,,
q-schilderwerk-3602-3,Moet de oude verf eerst verwijderd worden?,Should the old verf eerst verwijderd worden?,,,,
q-schilderwerk-3603-1,Wat wil je laten schilderen?,What do you want have schilderen?,,,,
q-schilderwerk-3603-2,Hoeveel stuks gaat het om?,How many stuks gaat het om?,,,,
q-schilderwerk-3604-1,Wat is de huidige staat van het schilderwerk?,Wat is de huidige staat van het schilderwerk?,,,,
q-schilderwerk-3604-2,Hoe groot is het oppervlak dat aangepakt moet worden?,How large is het oppervlak dat aangepakt moet worden?,,,,
q-schilderwerk-root,Wat voor type schilderopdracht zoek je?,What type of schilderproject are you looking for?,,,,
q-schoonmaak-3701-1,Wat moet er schoongemaakt worden?,Wat moet er schoongemaakt worden?,,,,
q-schoonmaak-3701-2,Hoe vaak wil je schoonmaak?,How often wil je schoonmaak?,,,,
q-schoonmaak-3702-1,Wat voor type gebouw?,What type of gebouw?,,,,
q-schoonmaak-3702-2,Hoe groot is de oppervlakte?,How large is de oppervlakte?,,,,
q-schoonmaak-3702-3,Hoe vaak wil je schoonmaak?,How often wil je schoonmaak?,,,,
q-schoonmaak-3703-1,Waarvoor wil je een grote schoonmaak?,Waarvoor wil je een grote schoonmaak?,,,,
q-schoonmaak-3703-2,Om wat voor woning/gebouw gaat het?,Om wat voor woning/gebouw gaat het?,,,,
q-schoonmaak-3704-1,Wat moet er specialistisch gereinigd worden?,Wat moet er specialistisch gereinigd worden?,,,,
q-schoonmaak-3704-2,Hoe groot is het oppervlak of aantal stuks?,How large is het oppervlak of aantal stuks?,,,,
q-schoonmaak-root,Wat voor type schoonmaakopdracht zoek je?,What type of schoonmaakproject are you looking for?,,,,
q-schrijnwerker-3801-1,Om welk project gaat het?,Om welk project gaat het?,,,,
q-schrijnwerker-3801-2,Welke materiaalsoort wil je?,Which materiaalsoort wil je?,,,,
q-schrijnwerker-3801-3,Moet het ook afgewerkt worden (lak/verf)?,Should the ook afgewerkt worden (lak/verf)?,,,,
q-schrijnwerker-3802-1,Wat moet er gemaakt/geleverd worden?,Wat moet er gemaakt/geleverd worden?,,,,
q-schrijnwerker-3802-2,In welk materiaal?,In welk materiaal?,,,,
q-schrijnwerker-3802-3,Moet het ook geplaatst worden?,Should the ook geplaatst worden?,,,,
q-schrijnwerker-3803-1,Om wat voor meubel gaat het?,Om wat voor meubel gaat het?,,,,
q-schrijnwerker-3803-2,Waar komt het meubel te staan?,Waar komt het meubel te staan?,,,,
q-schrijnwerker-3804-1,Wat moet er hersteld worden?,Wat moet er hersteld worden?,,,,
q-schrijnwerker-3804-2,Hoe groot is de schade?,How large is de schade?,,,,
q-schrijnwerker-root,Wat voor soort schrijnwerk wil je laten uitvoeren?,What kind of soort schrijnwerk wil je have uitvoeren?,,,,
q-schuifraam-3901-1,Waar komt het schuifraam?,Waar komt het schuifraam?,,,,
q-schuifraam-3901-2,Welk materiaal wil je voor het kozijn?,Welk materiaal wil je voor het kozijn?,,,,
q-schuifraam-3901-3,Hoe groot moet het schuifraam zijn?,How large moet het schuifraam zijn?,,,,
q-schuifraam-3902-1,Waarom wil je het schuifraam vervangen?,Why do you want to het schuifraam replace?,,,,
q-schuifraam-3902-2,Welk glas wil je in het nieuwe raam?,Welk glas wil je in het nieuwe raam?,,,,
q-schuifraam-3902-3,Moet het oude raam verwijderd worden?,Should the old raam verwijderd worden?,,,,
q-schuifraam-3903-1,Wat is het probleem?,Wat is het probleem?,,,,
q-schuifraam-3903-2,Hoe oud is het schuifraam ongeveer?,Hoe oud is het schuifraam approximately?,,,,
q-schuifraam-root,Wat voor type opdracht zoek je?,What type of project are you looking for?,,,,
q-septische-regenwatertak-4001-1,Wat voor type tank wil je plaatsen?,What type of tank do you want to install?,,,,
q-septische-regenwatertak-4001-2,Hoe groot moet de tank zijn?,How large should the tank be?,,,,
q-septische-regenwatertak-4001-3,Waar moet de tank geplaatst worden?,Where should the tank be installed?,,,,
q-septische-regenwatertak-4002-1,Wat voor type tank wil je vervangen?,What type of tank do you want to replace?,,,,
q-septische-regenwatertak-4002-2,Waarom wil je vervangen?,Why do you want to replace?,,,,
q-septische-regenwatertak-4002-3,Moet de oude tank verwijderd worden?,Should the old tank be removed?,,,,
q-septische-regenwatertak-4003-1,Wat voor tank gaat het om?,What kind of tank is it?,,,,
q-septische-regenwatertak-4003-2,Wat wil je laten doen?,What do you want to have done?,,,,
q-septische-regenwatertak-4004-1,Wat is het probleem?,What is the problem?,,,,
q-septische-regenwatertak-4004-2,Hoe oud is de tank ongeveer?,How old is the tank approximately?,,,,
q-septische-regenwatertak-root,Wat voor type opdracht zoek je?,What type of project are you looking for?,,,,
q-serre-4101-1,Wat voor type serre wil je?,What type of serre wil je?,,,,
q-serre-4101-2,Van welk materiaal moet de serre zijn?,Van welk materiaal moet de serre zijn?,,,,
q-serre-4101-3,Hoe groot moet de serre ongeveer zijn?,How large moet de serre approximately zijn?,,,,
q-serre-4102-1,Waarom wil je de serre vervangen?,Why do you want to de serre replace?,,,,
q-serre-4102-2,Welk materiaal wil je voor de nieuwe serre?,Welk materiaal wil je voor de nieuwe serre?,,,,
q-serre-4102-3,Moet de oude serre verwijderd worden?,Should the old serre verwijderd worden?,,,,
q-serre-4103-1,Wat moet er gebeuren?,What needs to be done?,,,,
q-serre-4103-2,Hoe groot is de serre?,How large is de serre?,,,,
q-serre-root,Wat voor type opdracht zoek je?,What type of project are you looking for?,,,,
q-stucadoor-4201-1,Om welke ruimte gaat het?,Om welke ruimte gaat het?,,,,
q-stucadoor-4201-2,Hoe groot is het oppervlak ongeveer?,How large is het oppervlak approximately?,,,,
q-stucadoor-4201-3,Welke afwerking wil je?,Which afwerking wil je?,,,,
q-stucadoor-4202-1,Om wat voor oppervlak gaat het?,Om wat voor oppervlak gaat het?,,,,
q-stucadoor-4202-2,Wat is de huidige ondergrond?,Wat is de huidige ondergrond?,,,,
q-stucadoor-4202-3,Moet de gevel ook geïsoleerd worden?,Should the gevel ook geïsoleerd worden?,,,,
q-stucadoor-4203-1,Hoe groot is het plafondoppervlak?,How large is het plafondoppervlak?,,,,
q-stucadoor-4203-2,Wat is de huidige staat?,Wat is de huidige staat?,,,,
q-stucadoor-4203-3,Welke afwerking wil je?,Which afwerking wil je?,,,,
q-stucadoor-4204-1,Wat moet er hersteld worden?,Wat moet er hersteld worden?,,,,
q-stucadoor-4204-2,Hoe groot is de schade?,How large is de schade?,,,,
q-stucadoor-root,Wat voor type stucwerk wil je laten uitvoeren?,What type of stucwerk wil je have uitvoeren?,,,,
q-tegelzetter-4301-1,In welke ruimte gaat het om?,In welke ruimte gaat het om?,,,,
q-tegelzetter-4301-2,Hoe groot is het oppervlak ongeveer?,How large is het oppervlak approximately?,,,,
q-tegelzetter-4301-3,Heb je de tegels al gekocht?,Do you have de tegels al gekocht?,,,,
q-tegelzetter-4302-1,In welke ruimte gaat het om?,In welke ruimte gaat het om?,,,,
q-tegelzetter-4302-2,Hoe groot is het oppervlak ongeveer?,How large is het oppervlak approximately?,,,,
q-tegelzetter-4302-3,Moet de oude vloer eerst verwijderd worden?,Should the old vloer eerst verwijderd worden?,,,,
q-tegelzetter-4303-1,Wat moet er gebeuren?,What needs to be done?,,,,
q-tegelzetter-4303-2,Hoe groot is de badkamer?,How large is de badkamer?,,,,
q-tegelzetter-4303-3,Moet er ook tegelwerk verwijderd worden?,Should ook tegelwerk verwijderd worden?,,,,
q-tegelzetter-4304-1,Wat is er nodig?,Wat is er nodig?,,,,
q-tegelzetter-4304-2,Hoeveel tegels gaat het ongeveer om?,How many tegels gaat het approximately om?,,,,
q-tegelzetter-root,Wat voor tegelwerk wil je laten uitvoeren?,What kind of tegelwerk wil je have uitvoeren?,,,,
q-thuisbatterij-4401-1,Waarvoor wil je de batterij gebruiken?,Waarvoor wil je de batterij gebruiken?,,,,
q-thuisbatterij-4401-2,Hoeveel opslagcapaciteit wil je ongeveer?,How many opslagcapaciteit wil je approximately?,,,,
q-thuisbatterij-4401-3,Waar moet de batterij geplaatst worden?,Where should de batterij geplaatst worden?,,,,
q-thuisbatterij-4402-1,Hoeveel extra capaciteit wil je toevoegen?,How many extra capaciteit wil je toevoegen?,,,,
q-thuisbatterij-4402-2,Is je huidige systeem compatibel met uitbreiding?,Is je huidige systeem compatibel met uitbreiding?,,,,
q-thuisbatterij-4402-3,Moet er ook een nieuwe omvormer geplaatst worden?,Should ook een nieuwe omvormer geplaatst worden?,,,,
q-thuisbatterij-4403-1,Waarom wil je de batterij vervangen?,Why do you want to de batterij replace?,,,,
q-thuisbatterij-4403-2,Hoe oud is de batterij ongeveer?,Hoe oud is de batterij approximately?,,,,
q-thuisbatterij-4403-3,Moet de oude batterij verwijderd worden?,Should the old batterij verwijderd worden?,,,,
q-thuisbatterij-4404-1,Wat is het probleem?,Wat is het probleem?,,,,
q-thuisbatterij-4404-2,Wat is de capaciteit van de batterij?,Wat is de capaciteit van de batterij?,,,,
q-thuisbatterij-root,Wat voor type opdracht zoek je?,What type of project are you looking for?,,,,
q-trappen-4501-1,Wat voor type trap wil je laten plaatsen?,What type of trap wil je have install?,,,,
q-trappen-4501-2,Van welk materiaal moet de trap zijn?,Van welk materiaal moet de trap zijn?,,,,
q-trappen-4501-3,Waar komt de trap?,Waar komt de trap?,,,,
q-trappen-4502-1,Wat moet er gerenoveerd worden?,Wat moet er gerenoveerd worden?,,,,
q-trappen-4502-2,Welke afwerking wil je?,Which afwerking wil je?,,,,
q-trappen-4502-3,Hoeveel treden heeft de trap ongeveer?,How many treden heeft de trap approximately?,,,,
q-trappen-4503-1,Met welk materiaal wil je de trap laten bekleden?,Met welk materiaal wil je de trap have bekleden?,,,,
q-trappen-4503-2,Om hoeveel trappen gaat het?,How many trappen gaat het?,,,,
q-trappen-4504-1,Wat moet er hersteld worden?,Wat moet er hersteld worden?,,,,
q-trappen-4504-2,Hoe groot is de schade?,How large is de schade?,,,,
q-trappen-root,Wat voor trap-opdracht zoek je?,What kind of trap-project are you looking for?,,,,
q-tuinhuis-poolhouse-4601-1,Wat wil je laten bouwen?,What do you want to have built?,,,,
q-tuinhuis-poolhouse-4601-2,Van welk materiaal moet het gemaakt worden?,What material should it be made of?,,,,
q-tuinhuis-poolhouse-4601-3,Hoe groot moet het ongeveer zijn?,How large should it be approximately?,,,,
q-tuinhuis-poolhouse-4602-1,Waarom wil je vervangen?,Why do you want to replace?,,,,
q-tuinhuis-poolhouse-4602-2,Moet het oude gebouw verwijderd worden?,Should the old building be removed?,,,,
q-tuinhuis-poolhouse-4602-3,Van welk materiaal wil je de nieuwe versie?,What material do you want for the new version?,,,,
q-tuinhuis-poolhouse-4603-1,Wat moet er gebeuren?,What needs to be done?,,,,
q-tuinhuis-poolhouse-4603-2,Hoe groot is het gebouw?,How large is the building?,,,,
q-tuinhuis-poolhouse-root,Wat voor type opdracht zoek je?,What type of project are you looking for?,,,,
q-tuinonderhoud-4701-1,Wat moet er gebeuren?,What needs to be done?,,,,
q-tuinonderhoud-4701-2,Hoe groot is de tuin ongeveer?,How large is de garden approximately?,,,,
q-tuinonderhoud-4702-1,Hoe vaak wil je onderhoud?,How often wil je onderhoud?,,,,
q-tuinonderhoud-4702-2,Wat moet er standaard gebeuren?,Wat moet er standaard gebeuren?,,,,
q-tuinonderhoud-4703-1,Wat moet er gebeuren?,What needs to be done?,,,,
q-tuinonderhoud-4703-2,Hoe groot is het gazon ongeveer?,How large is het lawn approximately?,,,,
q-tuinonderhoud-4704-1,Wat moet er gesnoeid worden?,Wat moet er gesnoeid worden?,,,,
q-tuinonderhoud-4704-2,Hoeveel bomen of struiken gaat het om?,How many bomen of struiken gaat het om?,,,,
q-tuinonderhoud-4704-3,Moet het snoeiafval ook worden afgevoerd?,Should the snoeiafval ook worden removed?,,,,
q-tuinonderhoud-root,Wat voor type tuinwerk zoek je?,What type of gardenwerk are you looking for?,,,,
q-tuinpoorten-4801-1,Wat voor type poort wil je?,What type of poort wil je?,,,,
q-tuinpoorten-4801-2,Wil je een enkele of dubbele poort?,Wil je een enkele of dubbele poort?,,,,
q-tuinpoorten-4801-3,Moet de poort voorzien worden van automatisering?,Should the poort voorzien worden van automatisering?,,,,
q-tuinpoorten-4802-1,Wat voor type poort wil je vervangen?,What type of poort wil je replace?,,,,
q-tuinpoorten-4802-2,Waarom wil je vervangen?,Why do you want to replace?,,,,
q-tuinpoorten-4802-3,Moet de oude poort verwijderd worden?,Should the old poort verwijderd worden?,,,,
q-tuinpoorten-4803-1,Wat is het probleem?,Wat is het probleem?,,,,
q-tuinpoorten-4803-2,Hoe groot is de poort?,How large is de poort?,,,,
q-tuinpoorten-root,Wat voor type opdracht zoek je?,What type of project are you looking for?,,,,
q-ventilatie-4901-1,Wat voor systeem wil je laten plaatsen?,What kind of systeem wil je have install?,,,,
q-ventilatie-4901-2,Voor welk type woning/gebouw?,Voor welk type woning/gebouw?,,,,
q-ventilatie-4901-3,Om hoeveel ruimtes gaat het?,How many ruimtes gaat het?,,,,
q-ventilatie-4902-1,Wat wil je vervangen?,What do you want replace?,,,,
q-ventilatie-4902-2,Waarom wil je vervangen?,Why do you want to replace?,,,,
q-ventilatie-4902-3,Moet de oude installatie verwijderd worden?,Should the old installatie verwijderd worden?,,,,
q-ventilatie-4903-1,Wat is het probleem?,Wat is het probleem?,,,,
q-ventilatie-4903-2,Hoe oud is de installatie ongeveer?,Hoe oud is de installatie approximately?,,,,
q-ventilatie-4904-1,Wat wil je laten doen?,What do you want have doen?,,,,
q-ventilatie-4904-2,Hoe vaak wil je onderhoud?,How often wil je onderhoud?,,,,
q-ventilatie-root,Wat voor type opdracht zoek je?,What type of project are you looking for?,,,,
q-veranda-5001-1,Wat voor type veranda wil je?,What type of veranda wil je?,,,,
q-veranda-5001-2,Van welk materiaal moet de veranda zijn?,Van welk materiaal moet de veranda zijn?,,,,
q-veranda-5001-3,Hoe groot moet de veranda ongeveer zijn?,How large moet de veranda approximately zijn?,,,,
q-veranda-5002-1,Waarom wil je de veranda vervangen?,Why do you want to de veranda replace?,,,,
q-veranda-5002-2,Moet de oude veranda verwijderd worden?,Should the old veranda verwijderd worden?,,,,
q-veranda-5002-3,Wat voor nieuwe veranda wil je?,What kind of nieuwe veranda wil je?,,,,
q-veranda-5003-1,Wat moet er gebeuren?,What needs to be done?,,,,
q-veranda-5003-2,Hoe groot is de veranda ongeveer?,How large is de veranda approximately?,,,,
q-veranda-root,Wat voor type opdracht zoek je?,What type of project are you looking for?,,,,
q-verhuizer-5101-1,Wat voor type woning verhuis je?,What type of woning verhuis je?,,,,
q-verhuizer-5101-2,Hoe groot is de verhuizing?,How large is de verhuizing?,,,,
q-verhuizer-5101-3,Moet er ook een verhuislift geregeld worden?,Should ook een verhuislift geregeld worden?,,,,
q-verhuizer-5102-1,Wat voor type bedrijfspand gaat het om?,What type of bedrijfspand gaat het om?,,,,
q-verhuizer-5102-2,Hoe groot is de verhuizing?,How large is de verhuizing?,,,,
q-verhuizer-5102-3,Moet er ook IT-apparatuur gedemonteerd/ingericht worden?,Should ook IT-apparatuur gedemonteerd/ingericht worden?,,,,
q-verhuizer-5103-1,Naar welk land verhuis je?,Naar welk land verhuis je?,,,,
q-verhuizer-5103-2,Hoeveel spullen moeten verhuisd worden?,How many spullen moeten verhuisd worden?,,,,
q-verhuizer-5103-3,Moet de verhuizer ook inklaring/administratie regelen?,Should the verhuizer ook inklaring/administratie regelen?,,,,
q-verhuizer-5104-1,Welke extra diensten wil je?,Which extra diensten wil je?,,,,
q-verhuizer-5104-2,Hoeveel kamers/spullen gaat het om?,How many kamers/spullen gaat het om?,,,,
q-verhuizer-root,Wat voor type verhuisopdracht zoek je?,What type of verhuisproject are you looking for?,,,,
q-verwarming-5201-1,Wat voor type verwarming wil je?,What type of verwarming wil je?,,,,
q-verwarming-5201-2,Voor welke ruimte(s)?,Voor welke ruimte(s)?,,,,
q-verwarming-5201-3,Heb je al een cv-ketel of warmtepomp?,Do you have al een cv-ketel of warmtepomp?,,,,
q-verwarming-5202-1,Wat wil je vervangen?,What do you want replace?,,,,
q-verwarming-5202-2,Waarom wil je het vervangen?,Why do you want to het replace?,,,,
q-verwarming-5202-3,Moet de oude verwarming verwijderd worden?,Should the old verwarming verwijderd worden?,,,,
q-verwarming-5203-1,Wat is het probleem?,Wat is het probleem?,,,,
q-verwarming-5203-2,Om hoeveel radiatoren/ruimtes gaat het?,How many radiatoren/ruimtes gaat het?,,,,
q-verwarming-5204-1,Wat wil je laten doen?,What do you want have doen?,,,,
q-verwarming-5204-2,Hoe vaak wil je onderhoud?,How often wil je onderhoud?,,,,
q-verwarming-root,Wat voor type opdracht zoek je?,What type of project are you looking for?,,,,
q-vloeren-5301-1,Wat voor type vloer wil je?,What type of vloer wil je?,,,,
q-vloeren-5301-2,Waar moet de vloer gelegd worden?,Where should de vloer gelegd worden?,,,,
q-vloeren-5301-3,Hoe groot is het oppervlak?,How large is het oppervlak?,,,,
q-vloeren-5302-1,Wat wil je vervangen?,What do you want replace?,,,,
q-vloeren-5302-2,Moet de oude vloer verwijderd worden?,Should the old vloer verwijderd worden?,,,,
q-vloeren-5302-3,Hoe groot is het oppervlak?,How large is het oppervlak?,,,,
q-vloeren-5303-1,Wat voor type vloer gaat het om?,What type of vloer gaat het om?,,,,
q-vloeren-5303-2,Wat wil je laten doen?,What do you want have doen?,,,,
q-vloeren-5303-3,Hoe groot is het oppervlak?,How large is het oppervlak?,,,,
q-vloeren-5304-1,Wat is het probleem?,Wat is het probleem?,,,,
q-vloeren-5304-2,Hoe groot is de schade?,How large is de schade?,,,,
q-vloeren-root,Wat voor type vloeropdracht zoek je?,What type of vloerproject are you looking for?,,,,
q-vloerverwarming-5401-1,Wat voor type vloerverwarming wil je?,What type of vloerverwarming wil je?,,,,
q-vloerverwarming-5401-2,Waar wil je vloerverwarming?,Waar wil je vloerverwarming?,,,,
q-vloerverwarming-5401-3,Wat is het vloeroppervlak ongeveer?,Wat is het vloeroppervlak approximately?,,,,
q-vloerverwarming-5402-1,Wat wil je vervangen?,What do you want replace?,,,,
q-vloerverwarming-5402-2,Waarom wil je vervangen?,Why do you want to replace?,,,,
q-vloerverwarming-5402-3,Moet de oude installatie verwijderd worden?,Should the old installatie verwijderd worden?,,,,
q-vloerverwarming-5403-1,Wat is het probleem?,Wat is het probleem?,,,,
q-vloerverwarming-5403-2,Hoe groot is het te repareren oppervlak?,How large is het te repair oppervlak?,,,,
q-vloerverwarming-5404-1,Wat moet er gebeuren?,What needs to be done?,,,,
q-vloerverwarming-5404-2,Hoe vaak wil je onderhoud?,How often wil je onderhoud?,,,,
q-vloerverwarming-root,Wat voor type opdracht zoek je?,What type of project are you looking for?,,,,
q-vochtbestrijding-5501-1,Wat is het probleem?,Wat is het probleem?,,,,
q-vochtbestrijding-5501-2,Hoe groot is de kelder?,How large is de kelder?,,,,
q-vochtbestrijding-5501-3,Moet de kelder ook waterdicht gemaakt worden?,Should the kelder ook waterdicht gemaakt worden?,,,,
q-vochtbestrijding-5502-1,Waar zit het probleem?,Waar zit het probleem?,,,,
q-vochtbestrijding-5502-2,Hoe groot is de vochtige plek?,How large is de vochtige plek?,,,,
q-vochtbestrijding-5502-3,Is er al eerder iets geprobeerd tegen het vocht?,Is er al eerder iets geprobeerd tegen het vocht?,,,,
q-vochtbestrijding-5503-1,In welke ruimte heb je last van condens?,In welke ruimte heb je last van condens?,,,,
q-vochtbestrijding-5503-2,Hoe ernstig is het probleem?,Hoe ernstig is het probleem?,,,,
q-vochtbestrijding-5503-3,Heb je al ventilatie?,Do you have al ventilatie?,,,,
q-vochtbestrijding-5504-1,Waar heb je last van optrekkend vocht?,Waar heb je last van optrekkend vocht?,,,,
q-vochtbestrijding-5504-2,Hoe groot is het getroffen oppervlak?,How large is het getroffen oppervlak?,,,,
q-vochtbestrijding-5505-1,Waar zit de schimmel?,Waar zit de schimmel?,,,,
q-vochtbestrijding-5505-2,Hoe groot is de schimmelplek?,How large is de schimmelplek?,,,,
q-vochtbestrijding-5505-3,Moet er ook een blijvende oplossing voor de oorzaak gezocht worden?,Should ook een blijvende oplossing voor de oorzaak gezocht worden?,,,,
q-vochtbestrijding-root,Wat voor type vochtprobleem wil je aanpakken?,What type of vochtprobleem wil je aanpakken?,,,,
q-wellness-5601-1,Wat voor type sauna wil je?,What type of sauna wil je?,,,,
q-wellness-5601-2,Waar moet de sauna komen?,Where should de sauna komen?,,,,
q-wellness-5601-3,Hoe groot moet de sauna zijn?,How large moet de sauna zijn?,,,,
q-wellness-5602-1,Waar moet de jacuzzi/hottub komen?,Where should de jacuzzi/hottub komen?,,,,
q-wellness-5602-2,Welke uitvoering wil je?,Which uitvoering wil je?,,,,
q-wellness-5602-3,Hoeveel personen moet de jacuzzi/hottub geschikt zijn?,How many personen moet de jacuzzi/hottub geschikt zijn?,,,,
q-wellness-5603-1,Wat wil je in de wellnessruimte plaatsen?,What do you want in de wellnessruimte install?,,,,
q-wellness-5603-2,Hoe groot is de ruimte?,How large is de ruimte?,,,,
q-wellness-5604-1,Wat moet er onderhouden of gerepareerd worden?,Wat moet er maintain of gerepareerd worden?,,,,
q-wellness-5604-2,Wat is het probleem?,Wat is het probleem?,,,,
q-wellness-root,Wat voor type wellness-opdracht zoek je?,What type of wellness-project are you looking for?,,,,
q-zonnepanelen-5701-1,Waar moeten de zonnepanelen komen?,Where shoulden de zonnepanelen komen?,,,,
q-zonnepanelen-5701-2,Hoeveel panelen wil je ongeveer plaatsen?,How many panelen wil je approximately install?,,,,
q-zonnepanelen-5701-3,Heb je al een omvormer?,Do you have al een omvormer?,,,,
q-zonnepanelen-5702-1,Hoeveel panelen wil je toevoegen?,How many panelen wil je toevoegen?,,,,
q-zonnepanelen-5702-2,Wil je dezelfde panelen als je huidige systeem?,Wil je dezelfde panelen als je huidige systeem?,,,,
q-zonnepanelen-5702-3,Moet de omvormer ook vervangen/uitgebreid worden?,Should the omvormer ook replace/uitgebreid worden?,,,,
q-zonnepanelen-5703-1,Waarom wil je de zonnepanelen vervangen?,Why do you want to de zonnepanelen replace?,,,,
q-zonnepanelen-5703-2,Hoeveel panelen moeten vervangen worden?,How many panelen moeten replace worden?,,,,
q-zonnepanelen-5703-3,Moet de oude installatie verwijderd worden?,Should the old installatie verwijderd worden?,,,,
q-zonnepanelen-5704-1,Wat is het probleem?,Wat is het probleem?,,,,
q-zonnepanelen-5704-2,Hoe oud is de installatie?,Hoe oud is de installatie?,,,,
q-zonnepanelen-5704-3,Wil je ook een onderhoudscontract?,Wil je ook een onderhoudscontract?,,,,
q-zonnepanelen-root,Wat voor type opdracht zoek je?,What type of project are you looking for?,,,,
q-zonwering-5801-1,Wat voor type buitenzonwering wil je?,What type of buitenzonwering wil je?,,,,
q-zonwering-5801-2,Hoe breed moet de zonwering zijn?,Hoe breed moet de zonwering zijn?,,,,
q-zonwering-5801-3,Elektrisch of handmatig bediend?,Elektrisch of handmatig bediend?,,,,
q-zonwering-5802-1,Wat voor type binnenzonwering wil je?,What type of binnenzonwering wil je?,,,,
q-zonwering-5802-2,Voor welke ruimte?,Voor welke ruimte?,,,,
q-zonwering-5802-3,Hoeveel ramen moeten voorzien worden?,How many ramen moeten voorzien worden?,,,,
q-zonwering-5803-1,Wat wil je laten plaatsen?,What do you want have install?,,,,
q-zonwering-5803-2,Voor welk doel?,Voor welk doel?,,,,
q-zonwering-5803-3,Moeten ze elektrisch bediend worden?,Moeten ze elektrisch bediend worden?,,,,
q-zonwering-5804-1,Wat is het probleem?,Wat is het probleem?,,,,
q-zonwering-5804-2,Hoe oud is het zonnescherm ongeveer?,Hoe oud is het zonnescherm approximately?,,,,
q-zonwering-root,Wat voor type zonwering zoek je?,What type of zonwering are you looking for?,,,,
q-zwembad-5901-1,Wat voor type zwembad wil je?,What type of swimming pool do you want?,,,,
q-zwembad-5901-2,Waar wil je het zwembad plaatsen?,Where do you want to install the swimming pool?,,,,
q-zwembad-5901-3,Hoe groot moet het zwembad zijn?,How large should the swimming pool be?,,,,
q-zwembad-5902-1,Wat wil je renoveren?,What do you want to renovate?,,,,
q-zwembad-5902-2,Hoe oud is het zwembad?,How old is the swimming pool?,,,,
q-zwembad-5903-1,Wat voor onderhoud wil je laten doen?,What kind of maintenance do you want?,,,,
q-zwembad-5903-2,Hoe vaak wil je onderhoud?,How often do you want maintenance?,,,,
q-zwembad-5904-1,Wat is het probleem?,What is the problem?,,,,
q-zwembad-5904-2,Hoe groot is het zwembad?,How large is the swimming pool?,,,,
q-zwembad-root,Wat voor type opdracht zoek je?,What type of project are you looking for?,,,,