id,service_page_id,heading_nl,heading_en,description_nl,description_en,content_nl,content_en,created_at,updated_at
db60ff21-8464-4ffc-9b14-ff4491f21b61,c230dc52-cf98-45f6-832e-065c7aeb7a54,More informative,More professional advisory,,,"<h3>Wat doet een architect?</h3>
Een architect ontwerpt gebouwen en ruimtes, bewaakt functionaliteit en esthetiek, en zorgt voor naleving van bouwregels. Daarnaast adviseert hij of zij over materialen, lichtinval en energieprestaties.
<h3>Wanneer heb je een architect nodig?</h3>
Een architect is essentieel bij nieuwbouw, uitbreidingen, grote renovaties en vergunningsaanvragen. Dit voorkomt ontwerp&shy;fouten en zorgt voor een soepel verloop richting uitvoering.
<h3>Rol tijdens de uitvoering?</h3>
Architecten kunnen toezicht houden op de bouw, controleren of alles volgens plan verloopt en adviseren bij onverwachte situaties.","<h3>What does an architect do?</h3>
An architect plays a central role in shaping buildings and spaces that are functional, visually appealing, and compliant with all legal requirements. Their work goes far beyond creating drawings; they translate ideas, needs, and constraints into practical and well-considered designs. An architect carefully balances aesthetics, usability, budget, and technical feasibility throughout the design process.
<strong>Key responsibilities include:</strong>
<ul>
<li>Designing floor plans, elevations, and technical drawings</li>
<li>Creating efficient spatial layouts that suit the user&rsquo;s needs</li>
<li>Ensuring compliance with building codes, zoning rules, and safety regulations</li>
<li>Advising on materials, construction methods, and sustainability options</li>
</ul>
In addition, architects consider factors such as daylight, ventilation, acoustics, and energy efficiency to create comfortable and future-proof spaces. They often collaborate with engineers, contractors, and local authorities to ensure the design can be executed smoothly. By combining creativity with technical expertise, an architect helps avoid costly mistakes and ensures that a project is both visually strong and technically sound.
<h3>When do you need an architect?</h3>
You typically need an architect when a project involves structural changes, complex design decisions, or legal approval requirements. Architects are especially valuable when projects go beyond minor adjustments and require professional planning, coordination, and documentation.
<ul>
<li>An architect is commonly required for:</li>
<li>New residential or commercial construction</li>
<li>Home extensions or major structural modifications</li>
<li>Large-scale renovations or restorations</li>
<li>Permit and zoning applications with local authorities</li>
</ul>
In many regions, architectural drawings are mandatory for building permits. Engaging an architect early in the process helps identify potential design or regulatory issues before construction begins. This proactive approach reduces delays, prevents costly revisions, and ensures a smoother approval process. Even when an architect is not legally required, their expertise adds significant value by improving design quality, optimizing space usage, and aligning the project with your budget and long-term goals.
<h3>Role during the construction phase:</h3>
During the construction phase, an architect can act as a key point of oversight to ensure the project is built exactly as designed. Their involvement helps maintain quality, manage risks, and address challenges that may arise on site.
<ul>
<li>Typical responsibilities during execution include:</li>
<li>Monitoring construction progress and quality</li>
<li>Verifying that work follows approved drawings and specifications</li>
<li>Coordinating with contractors and consultants</li>
<li>Advising on solutions when unexpected issues occur</li>
</ul>
Architects serve as an objective professional who represents the client&rsquo;s interests, helping to prevent misinterpretations or shortcuts during construction. When changes are necessary, they can assess the impact on design, cost, and planning compliance. This guidance improves reliability, reduces errors, and increases overall build quality. As a result, architectural supervision often leads to better outcomes, fewer disputes, and a more controlled and predictable construction process.",2026-01-15 06:40:05.203975+00,2026-01-15 06:49:51.277+00